,Alpha,Delta,Mu,Buy,Sell,prob
0,0.012637729220716478,0.47927602407344705,0.053050413215604664,0.40872502490203394,0.5347751290609541,0.0007100801103691364
1,0.022592410454984557,0.8577900585641699,0.18179374243722582,0.19672395768120782,0.1935335023760929,0.010414623042751222
2,0.012870391046117995,0.5975781816228721,0.9029564819926159,0.289133655605756,0.2752828937656781,0.020174717607768497
3,0.013295945375292861,0.26994313925206476,0.22061021605294745,0.3582686283347726,0.21836054051344683,0.005061096840164237
4,0.010544180980485545,0.07108387191156648,3.4761803441136463,0.6906435998468723,0.5196238552835711,0.029395187612282738
5,0.012527097606381448,0.5346050055647177,1.6354213347511326,0.26179016516623743,0.3014925252109936,0.03509445612508153
6,0.012458842286928477,0.5244989320684096,0.5941705801063393,0.3201108365158376,0.22208529813063532,0.013469238624270836
7,0.010374602732990386,0.3838154848277433,2.076107779762411,0.5215669801146069,0.2987470790276197,0.025584985998073632
8,0.012210052922767684,0.48958731223426255,0.18850910817321126,0.4405314821353585,0.2962534634346016,0.0031142575525431836
9,0.01353067119747417,0.697277834045378,0.1106891037674686,0.2637344177356047,0.2704010054575967,0.00279612632104013
10,0.012309294021507418,0.38479479136483463,2.213605548260834,0.34812334101718245,0.18416767312142407,0.048697096490843784
11,0.013435105092517087,0.715860649627851,0.7778838483594286,0.43296557857499185,0.6899233215144345,0.009221374541896081
12,0.01311481748157262,0.7493359001917121,2.573533904040447,0.5841276844833496,0.5374669866411786,0.02921326126970592
13,0.01006945138992343,0.3360125426804874,2.6187840481548688,0.9447024152751194,0.6318483745144503,0.016451045784475475
14,0.019398628155281237,0.010000056389540568,5.661318668877815,1.5096307338814252,1.6146152576164179,0.033957796271557095
15,0.027542229725126193,0.010000236450205006,3.458483213185797,1.5969681143276917,1.445065598756727,0.030361999781935805
16,0.07614592298656077,0.9999999382175708,6.283590055834851,1.717796603343522,2.395259058803029,0.10420714686605237
17,0.09080081827317184,0.010000114744278588,3.1092387416677987,1.1318717267459062,2.272755907011664,0.07657318223939928
18,0.010377371675476477,0.6323168636575232,6.287169914870835,0.990766422362861,1.5966565420890289,0.024595734222899422
19,0.010492140496608161,0.010824370984820447,1.3895186387447964,0.8707129579846982,0.8446120536441247,0.008427649438074163
20,0.09380097826686398,0.260685212261333,6.219220977122868,1.375618144845461,1.8693178742911587,0.15238310610338762
21,0.010416724180456931,0.42180409219981435,0.09869307299294072,0.5743060038921759,0.6525212444188223,0.0008372798603954409
22,0.010402163206334837,0.5545154169548372,0.37064764954652607,0.6903043079379276,0.631806922481418,0.002907717928055553
23,0.013008539332117723,0.7259175818891633,3.9909945444377692,0.7705690025206476,0.757878580858198,0.032851286177469144
24,0.010489208909401188,0.0612859076084076,0.6727313906382228,0.5826950086011669,0.7106925390793976,0.005426162350062112
25,0.010397639674667912,0.42834478723338015,1.5848444852642638,0.4445016081324249,0.41627903592853227,0.018784231939073786
26,0.012668705383708768,0.5496774230254059,0.5375639497197289,0.2847112583250422,0.3156292809004575,0.011216718391430488
27,0.012246103686662492,0.4996561294382996,0.37567537109558696,0.444409023196219,0.3720047799385266,0.005603506779022722
28,0.012406974886430146,0.4577174542849472,1.813682127112495,0.2764070853109331,0.29412936420099156,0.037944077507813166
29,0.012596515592433785,0.5443406435104503,1.1121288686975461,0.2760350884238707,0.32914740808873383,0.022624583632606714
30,0.01422596423690616,0.7182611913749667,0.2988480783721218,0.31236559736631864,0.41164116629743436,0.00583776780707451
31,0.01961704910804313,0.010000346097414885,2.294293041449607,0.49116134307673853,0.6324753950084303,0.03851237790508623
32,0.012511539065679995,0.5780725435365333,0.5490423458848008,0.32590778993895747,0.4712053572242711,0.008544171866156993
33,0.012371016940061784,0.5497872327937001,1.4144113194259464,0.29411607149958324,0.3151580488421358,0.027917187158835184
34,0.016986552779970274,0.9999996737891864,3.656195636859384,0.4891525464119165,0.4145039780308421,0.06430788966027685
35,0.010526019807717535,0.07722324729977674,2.5303896596643667,0.539994859310009,0.5195119407563894,0.024522519391711756
36,0.010412835076185293,0.4592946455587639,1.4079290370839956,0.4183193835231239,0.4385540347680164,0.016821528114571185
37,0.010073091677232955,0.999131995317846,3.8559962316422505,1.6207930705515803,1.5737041437703405,0.012012907812550032
38,0.010431713012789435,0.9988862757073717,1.4156678614841214,0.7901222228124288,1.0376295618276101,0.008015024995179922
39,0.010074302445658984,0.8658893802716114,0.6105774161202142,1.1008994367111011,0.95322217675586,0.0029855957379847117
40,0.010363469683304625,0.4447128725105708,2.7847059053029035,0.6275054459669224,0.5616828073797875,0.023693013590291634
41,0.010422899733514361,0.41249205161518415,0.5099244487329366,0.4190386382958441,0.38226888278360427,0.006589069828184393
42,0.035985538691941224,0.5319575416766477,2.964194208663248,0.44318158485434805,0.48540458537114917,0.10303567523305432
43,0.012797997183242217,0.6603221969097778,0.9263811889868159,0.3117157551757129,0.45587917870985856,0.015210484728690942
44,0.012177363429860867,0.4514831418777164,2.1843073570542804,0.33755123643975793,0.24827291430063617,0.043432551426631154
45,0.012404946951500765,0.49151732894913214,1.7337439296318164,0.27870512250342006,0.19409211305031668,0.04350964418971302
46,0.01694951926206295,0.9999997439298085,15.251088317739558,0.7806780111856868,0.7086200871468792,0.14789970321271562
47,0.010408396591134534,0.32866306745520174,2.058532754352338,0.4063755063602822,0.3189866169581247,0.028690901620076228
48,0.0127151806401138,0.567462331593314,0.9955338984339659,0.2976923224146894,0.3152986583563769,0.02023240791967255
49,0.1,0.25,0.0,0.0,0.0,
50,0.013950088420207233,0.8162563414311113,0.1259683966798727,0.1457438988447942,0.17425294097948088,0.005461531699815893
51,0.03631845422093196,0.9090466018852019,0.05926636056337865,0.1446996702439403,0.188975415823669,0.006409428325589103
52,0.012694351964262714,0.5626381959933244,0.8864415109149403,0.2645974081030192,0.19372322913433657,0.023963877915802043
53,0.012361137763019064,0.4724136851424925,1.4055844949491747,0.3173950387065015,0.19717985025910287,0.03266216655881014
54,0.01234455748829168,0.4587900441529491,1.5742201718449667,0.3150108707535493,0.16643804828757136,0.03879766603106938
55,0.010719354452694884,0.04034804665498928,0.3586179305841366,0.5820241293603872,0.381692880688977,0.003973033291307578
56,0.012441220479220432,0.5941211287209801,1.5619522300059019,0.36072739085910954,0.30803665224445365,0.028236976291768436
57,0.05248354673995334,0.44908189493328593,1.4794266746908755e-08,0.6293220426502116,0.5613559256761667,6.521121667177365e-10
58,0.04374150072728466,0.010000116244691494,3.520695573629168,0.8584421233773669,0.9189132770664205,0.07973699064041413
59,0.010000134807878853,0.9999992220532541,3.199498082224272,0.6932202909667822,0.989092532842772,0.01866374521736706
60,0.03359846587284052,0.49446818658373637,5.0631896235921365,1.0490162406109782,1.389512372798441,0.06521219555266376
61,0.010525601407479766,0.8674639238717005,0.7646031454661845,0.8783176718513076,1.3546894656407364,0.0035911246180551286
62,0.013688758529046918,0.17215624614603908,4.678665083021502,0.833933887896094,0.9820510555720269,0.034066006667369274
63,0.039172202145748264,0.733371620328324,1.6419612418786023e-07,0.4764406699062093,0.7491525154273393,5.248008728712039e-09
64,0.012360262521390906,0.4855524796908511,2.0554191151989323,0.4047316014800492,0.4336559059370537,0.0294115824661904
65,0.018039497165872907,0.8601190096000331,1.5029974801626238,0.4082014415710869,0.6227177070441364,0.02562616896848469
66,0.05727947582820761,0.8743788050120291,0.08012409703864298,0.1676112361654308,0.34176536609139246,0.00892951220038922
67,0.012771624825515625,0.6279496467809792,0.8042524045955477,0.2893297015231232,0.33165388558764897,0.01627172342328114
68,0.014023720226828995,0.7485611238162838,0.2195323780000631,0.21745784152022213,0.36235377699838345,0.005281715547213415
69,0.015112265273895214,0.777395536378876,0.5318130304062321,0.20183479877200983,0.5061969554891019,0.011223643917900147
70,0.015127292124717112,0.23264486683779825,0.19753740197240166,0.3554585597295248,0.3153193449691669,0.004435079084285053
71,0.012321818943068007,0.5342319230350516,1.685089181653648,0.3388468414009782,0.2736596401713598,0.03278754539003059
72,0.043828735955250636,0.8084217791480828,0.17797202500327303,0.1801464155182071,0.28399816398343497,0.01652796632337859
73,0.017671130686260153,0.010000296356327076,2.2328932757523563,0.28277035816833473,0.3028566072371755,0.06312384222852396
74,0.014786933136633271,0.23180230832978255,1.0684816419913523,0.2579527216412044,0.2783727816639807,0.0286159195789119
75,0.039167234706828355,0.7691188873879415,0.14745687560941334,0.15839316883664498,0.21600566923043438,0.015191657645430573
76,0.018583293817649452,0.3595248390928354,0.4925026908160798,0.22013576434742324,0.40456278427082937,0.014439235837078273
77,0.01992741811555284,0.8328793169289045,0.22299083745549453,0.10280851205592821,0.1288366163003156,0.01882186874852387
78,0.08821085212407953,0.45807379956724936,0.03118650564327241,0.10144526424774544,0.28384961297472217,0.007089337839752898
79,0.015088852225008966,0.6874845841794792,0.19735139293199355,0.12232150740603619,0.1462007643285894,0.010967974776100923
80,0.01409429186331354,0.8140356372530682,0.22056850970837882,0.21009711921215302,0.3051414224312424,0.0059974402492535646
81,0.01454092957444998,0.6922813123751348,0.08731747699797456,0.12414325760100736,0.2241804912303754,0.0036318683041495006
82,0.04680496793638722,0.6886119239188082,0.02832194043924874,0.16170884437137667,0.17907616018624153,0.003874792150198481
83,0.017781482944891312,0.010000010767401573,2.9867903343468014,0.17621850190735808,0.19829902729119397,0.12419597017821993
84,0.010394624712097041,0.2901724737742155,2.5190232628805895,0.4676382744172622,0.2610548082226251,0.034686827305011304
85,0.013811602865897991,0.7945446496548166,1.1075661387049858,0.21743263882049205,0.2723251734239477,0.030288307920183596
86,0.01728048699719198,0.9999997402363127,8.742342399967544,0.5918644073603766,0.6279112233559626,0.11020330636136427
87,0.012828806745529407,0.6437205009200172,1.0817122084286444,0.24820584349250366,0.29163977253907253,0.025061419829730352
88,0.012721611205783072,0.6711004232899749,0.7798160383350645,0.18497806730087665,0.17763565520022226,0.02662981120773922
89,0.012269921738317133,0.41317990552860484,2.0631374608102404,0.4060278012266307,0.3090598458872341,0.034190249279277066
90,0.019142413336880923,0.8086697043980515,0.06868212348147043,0.16705770437829215,0.21549358089176868,0.0034250011840560837
91,0.012776909582995299,0.6097353970678061,0.6219168712596786,0.19009469781606345,0.15844236749705584,0.022290460587016933
92,0.47429452112545506,0.5069550285520612,-7.547261360966335e-09,0.15593220404393615,0.21559322275195283,-9.63493879374302e-09
93,0.014508644242023652,0.2161659781522832,1.1274437740032517,0.29210202994459905,0.17735438418316152,0.033670658790569276
94,0.010400404316140529,0.40318061302199254,2.922621259538014,0.5106000055882073,0.37534310594987264,0.033171593018655555
95,0.012812795258593619,0.6487005927791788,0.6873496977978758,0.17844601771375518,0.15868917599530805,0.025457646954980172
96,0.012347928971274753,0.4525802368749327,1.4713483120731694,0.3145182612476099,0.19212751172183495,0.0346181860488074
97,0.012561476187671053,0.453425995766249,0.7165017077139865,0.2651632390745156,0.22969817990403613,0.017862676323637555
98,0.014279051227997074,0.3694413647000973,0.5965269179083147,0.16501229948123688,0.13250469333630555,0.027832905114938068
99,0.015373958369447396,0.4327764881177754,0.618624147769325,0.131648209135938,0.10282946770759654,0.03898014300249088
100,0.0100000136528735,0.010000312075673604,1.1920103907130717,0.15155103718198318,0.13423073775926428,0.04004045784318241
101,0.026706985043742103,0.851430126018634,0.08340311989149027,0.1545882029108397,0.14582319342243139,0.007360079292156981
102,0.019110184742764692,0.694100985942063,0.0763597079168094,0.11947215323102746,0.082197190857606,0.007183863725386694
103,0.015090440515774229,0.7095392833987274,0.4799284028591613,0.2200561610407488,0.2120307668495997,0.016484973100173415
104,0.028242316436443683,0.8731681259644284,0.16752660842251837,0.1810180042790871,0.18025958575728468,0.012926841683233015
105,0.013430359328656159,0.3747816850199036,0.851483086616911,0.3234467561773833,0.3471640897659508,0.01676677857874324
106,0.012732160849996685,0.6425123209795487,0.6540215335399899,0.1843027948147799,0.14293102934351323,0.02481548530279275
107,0.01471203863314951,0.7570017500073648,0.38107983020683467,0.17434368356433308,0.2197383933190562,0.014027075210666375
108,0.015164547391279473,0.8346627850835489,0.49507399845018785,0.16641046191900294,0.16623023517776553,0.022071472264395615
109,0.0549022168729397,0.8104799815173194,0.027802221866375307,0.1766914566577566,0.1406959483734419,0.00478625751873073
110,0.01231145216722005,0.516245184876144,1.6734698261766008,0.360075623533663,0.32756410818721415,0.02909009488095905
111,0.014254319801313104,0.8430125089399568,1.109856301688983,0.4976057219747332,0.5036148222203193,0.015555174187764371
112,0.016954607803804356,0.9999999486068846,11.681463894088923,0.823559317947376,0.7051660260479901,0.11469593165346703
113,0.0103988439331133,0.6989661018997058,1.6535740935219208,0.5646321956738461,0.4660956689990493,0.016408893499026994
114,0.012365062874584479,0.5326220371183733,1.3913383459275457,0.2906369372788705,0.20830307423671626,0.03333175665276366
115,0.013395859729973363,0.5602638562947915,0.3715549658621342,0.19160677654671715,0.2025438380462058,0.012470433775921773
116,0.012503165153140953,0.5726313017994313,0.3728273136778142,0.3050726244054414,0.24851889779791045,0.008350194466989359
117,0.01349329246412036,0.4183177703913621,0.996472646698311,0.36163481807584996,0.38156274299002935,0.017770193170495555
118,0.023714343001054107,0.01000031054145797,3.145664727203386,0.7242360832384023,0.4774376696767445,0.05844947114526411
119,0.01213131508965605,0.4862479186228694,1.8576045429284025,0.35202052884887014,0.20229507682121098,0.0390658838416931
120,0.04831217651606678,0.9999999009521043,3.950987130961099,0.6122033936201473,0.4338649661826447,0.1543157922632266
121,0.01734670429339689,0.9999999486773091,6.759713171804954,1.0888135403600008,0.9939275832515483,0.05329943294354019
122,0.03272880999831947,0.9999997919784275,2.7746667232986746,1.04711865787002,0.5824087884914855,0.05278700344273698
123,0.020356882421886352,0.9999997163749429,3.022705569312817,0.7037287757822991,0.5666027410187646,0.04620054628374203
124,0.01727207096156422,0.9999997140835267,3.763578526454293,0.8986440789030562,0.3700799507781231,0.04873913958891684
125,0.010068943607284239,0.4108321725692595,5.495856041754006,0.8513932147782027,0.32733884821167836,0.044841448008300026
126,0.012388133271667883,0.010000107462870392,3.1635384209565363,0.5895267908680131,0.454672691915711,0.03617380826824178
127,0.010404950004892713,0.3223091237248561,2.214624856684008,0.39143705174477933,0.3930596029026853,0.028534894902829476
128,0.010410465834145838,0.49834521564590034,2.7628701122704955,0.5062036276556777,0.4862242594843673,0.02816591089067485
129,0.010367569339909163,0.3885519434335151,3.5400722597611156,0.49365026920929467,0.3115822144784365,0.04359240267092173
130,0.01876632754768703,0.5963148053060554,2.482689456281962e-08,0.4547457395359632,0.33644067577083214,5.888746647687787e-10
131,0.010359496949977138,0.66574329830617,4.899678080983729,0.8750215518260588,0.47432761487267394,0.036253076969788356
132,0.010400360382940666,0.418705909874,0.8264436901238392,0.45844935355888555,0.32328454368482806,0.010875609949173528
133,0.010476115033542911,0.9993201009886284,1.2862988500250092,0.9069630259264253,0.7532721194303162,0.008051221663890959
134,0.03482021271480216,0.9999998712516633,5.374812738634802,0.8649152561784852,0.8245427583729288,0.09972882440009621
135,0.010374457940827862,0.13127496394920415,4.757868255447518,1.2047470844566088,0.8996854998730713,0.022917850815281398
136,0.010378299318915235,0.23145673053688415,2.7324537538141263,0.8255512406056116,0.8023034636446769,0.01712232918047517
137,0.023220540029859762,0.010000231710627779,3.1424307850731155,0.6562360531097536,0.7031678397037113,0.05094270023321404
138,0.010552079754589166,0.830097734125554,0.40564824741528277,0.47493500044646925,0.6979921847570802,0.003636089840131358
139,0.02274023988330128,0.3521439945673729,-6.887976622920427e-08,0.5525423865529827,0.4176270919802579,-1.6145039030240102e-09
140,0.010454050229187625,0.8385193008773982,2.6260293755304995,0.8160078338502085,0.38377737487286595,0.02236945589372347
141,0.01978248440975888,0.010000331127043693,4.348915139036625,0.6648053257434449,0.40153512423045756,0.07465669637690885
142,0.01238155848303896,0.4497495737790418,1.4204010198947772,0.34289131597539724,0.19800628435792614,0.03149018839223506
143,0.012364481233586942,0.4636996950188596,1.3061525962300975,0.3030017330211717,0.2082510791881377,0.030621570410899177
144,0.034570347921565714,0.5390059677278817,13.922649255836332,2.2080794638103107,2.7117960671109955,0.08911205737256139
145,0.016817772957563017,0.9999996286593936,5.67916804486062,1.8772881228405964,2.838387276812029,0.019851851840904364
146,0.010077385072602857,0.7488537293462746,1.2529676961639127,1.3168831277100594,2.3515057026234087,0.0034302050796969864
147,0.010553653601972633,0.9986778481407939,0.43654424437940154,0.8257215179393415,1.3302869676426345,0.0021323259396643784
148,0.012042118962710029,0.010000437741008431,2.7845231123669087,0.4805490204792842,0.5404957433543396,0.03179623689729655
149,0.016859235532954587,0.01000000253758348,2.950355372749397,0.5685899937139907,0.6530251472247482,0.0391241642344736
150,0.012694338523491451,0.6914613710602989,1.1647838262430654,0.2913951029483727,0.6818757678692414,0.01496488535872598
151,0.012803363326889215,0.6725352554718237,0.7629236374717691,0.27814879201386267,0.6738562486640026,0.010156230445926744
152,0.01041439675166861,0.3983979532091223,1.621816458440164,0.625534991793005,0.6196306860944671,0.013383115451886552
153,0.012318778697174947,0.43363030284669574,0.8424353892637289,0.39305502537638437,0.2984008392807015,0.014786659599560992
154,0.012574295070894774,0.4935256424167602,1.1441794934541205,0.3239347158067857,0.2456591313869279,0.02463650042780908
155,0.014695063068129725,0.16819315589468842,0.5116842391179456,0.6616384164056995,0.5110354700818496,0.006371187940319698
156,0.01258825042958963,0.6558961948049499,1.6394246648895334,0.3713918915817338,0.48719740377625786,0.023472315251332077
157,0.010000409203376113,0.9999994545707437,2.384383694268081,0.5237287063919623,0.7398906883398184,0.018520757706503615
158,0.025811688110606114,0.9999997150511445,4.798221653297945,1.0352542011572057,0.9363193052351575,0.059105087136004784
159,0.011594087106070702,0.19057498528800446,5.407125905615862e-07,0.7444067875685008,0.6232203171611147,4.583902164488611e-09
160,0.012280903630061832,0.5917669607246352,1.4509032639642703,0.4553397928476749,0.4278396031361619,0.01977630042847346
161,0.012880458671963507,0.6772123293108413,0.18690984678189637,0.32251099975680164,0.3370897208658821,0.0036366385462009818
162,0.02014514581413694,0.9999997358369145,3.157706548572696,0.7255932224165286,0.5774045370723166,0.046547624191003195
163,0.0317550372588343,0.6240292398779038,6.790502661285229,1.9318281817919762,1.5495404912504445,0.0583263692105155
164,0.01000269268522915,0.01069848087213827,12.048896839272652,3.122768000353674,1.8609090219391409,0.023612211363678522
165,0.0359900366421462,0.01000014107772474,3.458810010425821,1.7276032900786138,0.6704563527566684,0.04934811081197395
166,0.23269087758446433,0.010000033471295789,6.984324564767376,1.5990467380955775,1.8408495045016555,0.32086108305486083
167,0.03121990824876027,0.9999992086145272,4.778072479103433,1.6984744440092825,1.3115070138544411,0.04721867245395691
168,0.01042189590304348,0.7679224133995709,0.6910930096907254,0.6629102707995655,0.6863061020006952,0.005309937478679402
169,0.20313180828171393,0.010000053978656002,1.528665547843482,0.9173448327610848,0.9678973219054606,0.14141810027378385
170,0.012521975251025053,0.6067045065196982,1.6081280190073406,0.3746533396007267,0.42530626691314266,0.02455435199476825
171,0.11381516647392426,0.9999999532890159,5.537182820399284,2.2505084514991673,3.022666081428083,0.1067548295666229
172,0.08771435802618215,0.9999999246428172,3.1106673659882387,1.0488135838085393,1.0369802903372964,0.11568095206390545
173,0.50413519324341,0.5182740553026998,-5.123939912547785e-09,0.5867796723852226,0.9705084998898921,-1.6587542936840442e-09
174,0.15408842251052754,0.6053415356516583,4.632603550649694e-08,0.49677966161010845,0.5193220350655585,7.025188232210343e-09
175,0.010455393365254842,0.949071068979168,0.3199333458937098,0.5966064509230199,0.5582266220134159,0.0028881818577299466
176,0.06716993051909508,0.4192069559861596,3.021412652246173e-08,0.38627117898579216,0.37491524846078295,2.66620725307182e-09
177,0.013732580875464764,0.8670683155144133,0.46097542528812274,0.419602417199874,0.34938631452895547,0.00816487326927814
178,0.012558919726765596,0.28235962771016854,1.9464279179541566,0.4179282259165274,0.23838147018833988,0.03590872155152344
179,0.012306027539379098,0.5625632919916138,1.3269287923161173,0.35897894271264663,0.37707586038599183,0.021703308032398793
180,0.017134693713497795,0.0100003001053144,7.873474262785632,0.5997714626974978,0.7446409947253977,0.0911968911820803
181,0.05588450367278648,0.9999998878452772,6.823152828399287,1.2437288100934996,1.3725898280815856,0.12720344810728423
182,0.010473318327967947,0.11966583842786373,2.921704711487039,0.9043461331593217,0.9089988825842318,0.01659482478057195
183,0.012420684704574846,0.6167397959766778,0.8445696758690139,0.4155398523179156,0.6148606655001349,0.010078036189650084
184,0.015463133954460088,0.01000033144125493,3.234182470243084,0.5800119351719171,0.4984520771629729,0.04431698893976914
185,0.012329902568765816,0.535180755727904,1.5299332563643615,0.3410332138885948,0.33531105250823207,0.027134214095948506
186,0.052564191731000895,0.010000149520060519,4.07082841696413,0.7841294927760881,0.9001957440336168,0.1127215071623725
187,0.010424751335999478,0.21611299194998762,1.1977841493909174,0.5508840571089169,0.5734042276677552,0.010984234484611758
188,0.012996865811554032,0.6790290894997709,0.897973516766525,0.28416017684646316,0.3207753945361493,0.018927537988087717
189,0.02052582138907293,0.9999997823433019,4.2748700371071955,0.2750847357091213,0.272085254179569,0.13819990076851327
190,0.013159546168285437,0.6144320966192698,0.0934318820829539,0.29552133140299663,0.22885014795301067,0.002339267171561022
191,0.012284594378567678,0.5002008466001121,1.3783163281392727,0.349086519128432,0.35106482549986906,0.02361239568188154
192,0.010411496713371866,0.997145366373725,1.441955159467088,0.5204258572828537,0.5868511927269561,0.013377034384869377
193,0.012396913895362462,0.564804143660178,1.453051316621842,0.3444522041414734,0.29564333981286595,0.027371385141364793
194,0.013190472716275345,0.7019885742707942,0.8545823436957127,0.17408957975358494,0.26874725669995914,0.024822984309753545
195,0.013463270796562725,0.8039943277839187,0.6753153746023491,0.18406742118693828,0.21714161974147475,0.022159229148903614
196,0.012917057615466259,0.3759594809442987,1.5327864517382044,0.20569760925571065,0.1642737907438364,0.05079679291046773
197,0.015143168131854902,0.7283941552423223,0.44797041323592923,0.2594821857529063,0.3898594198162622,0.010339018047689176
198,0.018621160536684733,0.8563097626983752,0.269639590478032,0.17875007753393968,0.114442261381374,0.01683694661083928
199,0.012357591411177302,0.5065422196126832,1.2924825832669398,0.3747673203064344,0.31820033122904834,0.02252938211840458
200,0.01719203889525344,0.9999997273986988,3.6397760013590745,0.34864406484693555,0.33962825225919774,0.08333938863904775
201,0.02180348206744527,0.3876617818362439,-0.24474013032650846,0.4030112658507373,0.6090974333534428,-0.005300290759132946
202,0.019361877112762275,0.010000285007541639,2.665847424914583,0.4963832516586319,0.3399670373568379,0.058128131564593136
203,0.010413709334862787,0.3700894659673949,3.4704278863723,0.5032475222798442,0.34521083890977416,0.04085472882101732
204,0.025417841039291435,0.010000232111008615,3.060082967143831,0.8241678260443319,0.9311023245318258,0.0424323756749686
205,0.01753744996867516,0.010000254344013585,6.270251352542697,0.6758101524587169,0.9774458534965796,0.06236556149129669
206,0.010397386730472913,0.44040292564289224,3.1712120511608055,0.5124504529938269,0.5857297897070164,0.02914931128026062
207,0.35662577471929774,0.609445849915008,-1.0721064536753252e-08,0.4881355869528373,0.5906779572680277,-3.544085982482751e-09
208,0.04353608874400344,0.9999998764738268,3.1282202760656883,0.40203389121933386,0.526012910995043,0.12797002923608575
209,0.012826958166330692,0.7016291495119362,1.54775759394416,0.3656883599994819,0.5852085120456044,0.020451222331092485
210,0.01238292321871427,0.476821381264098,1.4834143176177856,0.34390918861409225,0.3470033286044159,0.025898046129407964
211,0.020348550182079095,0.33277037419464695,0.058657796322594394,0.46628219846657354,0.37439869998590275,0.0014177898400033618
212,0.01714459878211671,0.9245169346632234,0.31628133072945097,0.3967344794665052,0.46986898081207895,0.006218297002518763
213,0.013659752543319418,0.706058276460569,0.6122119907332861,0.21064380350878953,0.2150583345628244,0.019265935067360997
214,0.012422359822341685,0.5009987421073744,0.7080308995471385,0.27982170566363995,0.2858495188069042,0.015310575064461198
215,0.012661847232310824,0.6112200508031628,1.1217916230770046,0.21565368419668485,0.23888488748039874,0.030302252036094973
216,0.017001111524484303,0.010000061673699588,16.063037952267383,0.8528687206969766,1.1626859773288585,0.11932370262097802
217,0.03120914206795675,0.9999998554264733,4.304517253000839,0.35406780098447044,0.45379529940107033,0.1425809881230152
218,0.014562262238005596,0.7681584502586825,0.10526650685121987,0.20436250247075785,0.27866108332655715,0.0031635494810661395
219,0.06552209969122982,0.9999998559926426,3.3931572032021324,0.6744067737217044,0.45987660657710067,0.16388406212720713
220,0.016639778521645252,0.8340585381395679,0.5873934249057925,0.2084432417905465,0.2662946246603619,0.020173075678183196
221,0.01351456250061288,0.7724143565550184,0.5737423605109255,0.1983269426724884,0.20207419645104008,0.01899738257341475
222,0.025535894822523945,0.010000332339544891,2.408925823252281,0.290019537495884,0.2796528486389594,0.097457851369555
223,0.03418276316920351,0.8653992049984607,0.050897367520301634,0.1621997017377569,0.19520658671759072,0.004844303347523109
224,0.013038436973743153,0.5391560073806901,0.3703469521071708,0.3836372285357918,0.32617442166532357,0.0067568883920278424
225,0.01797273716426615,0.010000283368462797,3.4607295878854685,0.38173073777509053,0.49064671012188765,0.06655292656154502
226,0.02021873950366107,0.8455441352249327,0.24048064595383356,0.20011361946227862,0.32402034151560594,0.009191400150097557
227,0.013224114743351624,0.49107632852285305,0.7408855769892188,0.2651962986536042,0.20449230218348155,0.02043344890047335
228,0.14806618544189892,0.8767630243409331,7.477800783111965,1.7863013609383878,1.3736076962032882,0.2594747342622896
229,0.025710029208805253,0.010000545834789848,5.437593320764003,1.3450415308659032,1.9507510031479007,0.04069186142467471
230,0.010400543613566637,0.846830999628508,4.8076587102189885,0.8797567048297578,1.5833970712620824,0.01989620353659503
231,0.01038302570534279,0.41813332457111807,3.3673455060931357,0.5150011933327869,0.47951625412255,0.03396201166873302
232,0.03423904760442122,0.45495199180240703,15.652590775936162,1.3420952967306645,1.4777375986620447,0.15970432037171414
233,0.010469357325368259,0.7777590951920891,0.43490211270952595,0.6866589593669133,0.6532693065882644,0.003386544120517699
234,0.012114097556458243,0.5021598014780354,2.0049763533717004,0.402114709842196,0.3654868481186309,0.030671530143203393
235,0.0734200321396104,0.49842566572722463,5.996954530128098e-08,0.5122033801525748,0.5349152511315087,4.20483963646482e-09
236,0.010000229804282093,0.9999975535946525,1.9912102537232472,0.41288138587126655,0.42615030016607813,0.02318259912074836
237,0.017534912502430364,0.9999997433875711,4.356733072608838,0.2806779595104315,0.22123220006463273,0.13210143603404137
238,0.015116523271309587,0.7353373114615951,0.28033658504280506,0.29519678059809273,0.4780947121341172,0.00545023192970577
239,0.012474637498666627,0.4049489517077986,1.2110599025850528,0.3843668912645735,0.34412043893009864,0.020316887617335164
240,0.0126354167440227,0.6204334106963396,1.106694829141041,0.28180126105528003,0.4147930391674545,0.019679125042943578
241,0.012714072315468842,0.5163271410329249,1.58901331842692,0.264393786516774,0.20187851402242013,0.04152900932126539
242,0.014341533736817975,0.6623217043633143,0.40893512384729364,0.13446677630600137,0.19003173945534266,0.017752448170244017
243,0.027682772720540327,0.3643843763587992,0.15237456610354014,0.10561766728130846,0.14074056198519025,0.01683379130176493
244,0.47081872942110625,0.5080290234401514,-7.618078448773263e-10,0.24338982216423563,0.2191525381528249,-7.754390357251653e-10
245,0.013106304978239567,0.3065194840669813,0.6765261728252917,0.40815756851451257,0.32744507868743195,0.011910171567458477
246,0.014154678042164758,0.8118982176432763,0.034156171668164,0.18508154231760723,0.20594430949066078,0.001234886595702302
247,0.013947566225621929,0.5833559105302533,0.34161613157432624,0.1516390517102506,0.12653050505970306,0.016840355225705598
248,0.039903455575431686,0.010000025864023298,4.390291931587077,0.5104752944754305,0.4512859527887827,0.154085899047684
249,0.10678243920229524,0.010000010661660352,3.502180039108059,0.6159870794378799,0.905295828121964,0.1973198741689462
250,0.010444209923920058,0.9328240306693188,2.742042356203767,0.5938551961279248,0.4673953595623601,0.02627649734865726
251,0.050415650012989435,0.010000146204129302,2.9340301916742293,0.7028023341031365,0.7655477300732241,0.09151994300677078
252,0.014217607792917902,0.18235589486242623,0.6645149026373097,0.8665768427981666,0.5676093439550064,0.006544465054657917
253,0.014502363132541838,0.47101156560437063,0.42088138938937847,0.9996691487375791,1.2369023038664628,0.0027216489798522576
254,0.01060542345150372,0.12931230214763112,0.27984453476752535,0.6807232264926932,0.610285442843288,0.002293604019899147
255,0.010456515876162443,0.1563225597400979,5.442714562721962,1.409040584904721,1.297108187196239,0.020597387971085575
256,0.01882047779260351,0.9999992051815112,4.46690451541808,0.9344067470929486,1.0715240068868324,0.040224533961024996
257,0.010456567981395656,0.40377856267943985,0.2632586929158597,0.5119672115234948,0.47812510024331134,0.0027726202559574856
258,0.018589015560874268,0.999999703114455,4.711887611828411,0.4718643921133906,0.4974953636640839,0.08286998066554585
259,0.0104094968260429,0.2990892972219287,2.1937023494329346,0.4201538308545863,0.2949560607516685,0.030944488477708025
260,0.01219285568446525,0.4950481216024678,1.9883548392722248,0.35342529117695765,0.3701316484116958,0.03242003490773055
261,0.5150852253979786,0.5915857434086272,2.154840629647511e-08,0.23525423809282808,0.3362711836769713,1.942042309205497e-08
262,0.01590939710298476,0.7875127518125157,0.10344484644693809,0.16950848002039823,0.23870618164633234,0.004015379658655679
263,0.039825689440788264,0.010000146843903164,2.5625585418785914,0.4695586513054757,0.4987246491015765,0.09534891690824433
264,0.012319935361722843,0.5401499249869158,1.963296747854258,0.3845521576795651,0.3630742608182463,0.031338749568776116
265,0.010554493423092894,0.0861263960721429,0.4074266511010909,0.5101464293152576,0.3823427361304195,0.004795085849449117
266,0.06877453502644801,0.010000070251933259,9.149094751914388,1.4616725003420208,1.7713060941089982,0.16291859423204125
267,0.021639736276031538,0.010000399570443949,3.725135645663526,0.6760999141340013,0.8515941427268863,0.05012168243718265
268,0.010426822490392406,0.5635321061257577,0.8198973582430169,0.43059237193210326,0.42506503200665186,0.009892225891249414
269,0.010465068988850057,0.11976999802218008,3.2622988277430647,0.8592198083482704,0.8356588232328933,0.019745408216841655
270,0.01672444940221581,0.5153186870242533,0.6620757970322855,0.44166601424789254,0.552371425589469,0.011016555342190908
271,0.013120835101482268,0.9117143234546455,0.4626693704627596,0.311085815793986,0.3591761733823556,0.008975773956568664
272,0.01220863879492022,0.5137125267522206,2.006245974623286,0.4079489051801573,0.3847268601665218,0.0299736327641548
273,0.012515644669730474,0.5316800086873522,0.510267494391382,0.3307045038107628,0.3428728224410789,0.009392158858927628
274,0.013587953625474294,0.2248823310666601,1.4558992630432317,0.3527509643658617,0.446493369792497,0.024153893639340365
275,0.012354392502425756,0.5209867353635518,1.9077201514615383,0.2906692847625586,0.30957440750662835,0.037781748068485846
276,0.022800922694220356,0.6698350048740941,0.0369570759933644,0.20067995468081143,0.23135898398061827,0.0019466187618636362
277,0.013910852463470007,0.6429638720483398,1.852157286532909,0.45061616222576334,0.41127090763502416,0.02902610731033981
278,0.09080019777497117,0.41887215599762473,6.196319816631845,1.67597685821981,1.855633303858585,0.13741926362493243
279,0.02305345248946939,0.9999999362566407,2.2638468709844726,1.3845762107885733,1.3262850108150883,0.018888356313800418
280,0.010473937976542582,0.1382603112631127,0.843579662377127,0.7667818914108824,0.5385464151955783,0.006723363052700536
281,0.01243486553778378,0.9999995930513231,3.246480729414772,0.533559304755416,0.66657956412442,0.03254274673450682
282,0.016588154905470727,0.010000291308012424,3.173873375376667,0.44668214746033763,0.3401606614268319,0.06271499168601688
283,0.29271943187130517,0.5170610830417183,1.695531733762137e-08,0.9881355771433744,0.797457616601234,2.7795529585675336e-09
284,0.01041723421197279,0.5343778096867675,0.9389777841843234,0.5436565139619616,0.6001792736353796,0.008479026074071158
285,0.013003855990926476,0.6778178957988437,0.6494413682427292,0.29030367952232244,0.39589955321100423,0.012157576578701014
286,0.020207383220273125,0.010000214072314193,9.38681992511114,1.0582868143228128,0.9928776335044878,0.08464791386005878
287,0.08865537276128799,0.5917566043485859,4.063337867034823,0.998407994316416,1.0130501465494646,0.1518899995052063
288,0.11368699901982982,0.010000026624853756,3.2810811806380227,1.612553838773688,2.003921239606884,0.09349970713463579
289,0.010000537796985889,0.011021837120551041,1.1653094840087252,2.3174751187544897,2.352446644409881,0.0024892734461059844
290,0.010013826374875886,0.9515326491013432,1.321353421012606,1.548011490355073,1.8108506763258563,0.003923913109759865
291,0.010013883567655625,0.60980891951405,3.528584674750266,2.573518143887581,3.4698250307408123,0.005812914589199981
292,0.010076554869710194,0.6450991672745353,5.9293850170314855,2.100412027338519,2.9951858181497473,0.011589479713651953
293,0.016286967891507662,0.01000131737345858,5.273018509937037,1.3987771898699468,3.1375446347994753,0.01858020460007638
294,0.01000030031884838,0.99999918650864,3.517635405448717,1.5325423282359734,2.031663969670817,0.009773175998120331
295,0.056600142194837666,0.5110841980974299,5.588372238807857,2.0026800050006797,2.1540680568740482,0.07071296141807543
296,0.010000021478815586,0.9950721920156222,9.977837464787067,3.1291399194315512,3.2934437501173104,0.015297921980618844
297,0.010000537926012942,0.9892257494914758,9.71293350479505,3.3250261294602597,4.306718588347659,0.012567741893428503
298,0.010013925215883842,0.9475368752933897,0.6187985726085801,1.829329551789419,1.9920983650703779,0.0016189160138999977
299,0.010077777099632165,0.03164658434899081,3.0697772142576634,2.0118109595134053,2.1306135050339976,0.007412857537953511
300,0.04654950993185034,0.3805269559339115,5.814337000567454,2.701819250597462,1.9627802222589108,0.054841055265267065
301,0.010002759086456738,0.9819826332623308,0.7785368156053905,2.9232863217121334,2.892128377704219,0.0013373253955607377
302,0.01000010741084326,0.6357704168305329,15.614529731856134,4.150323133410367,4.2983073785194,0.01814654414188291
303,0.01951638986855806,0.9999997135382602,9.212744665404985,3.0733897984958527,4.318505482614452,0.02374627100695051
304,0.050843623108049456,0.9999996976071649,4.677157347869153,2.8816948960878555,3.6228744331367215,0.03527001947416267
305,0.010013678051586898,0.8808810019589519,4.5881374410757205,1.5157448243660758,1.5953695191283987,0.014552828704237401
306,0.010069263826290656,0.8378899689224887,4.650741019373527,1.2041461364371753,1.406582363016535,0.017621266458285174
307,0.02100205254226884,0.20327891824336924,2.8346271298822183e-06,1.405084650867979,1.3177965542853582,2.1863967662352417e-08
308,0.13707172432513842,0.6020655174112277,-2.9469893739272123e-07,1.271864416957574,1.3986441175118627,-1.512629208813096e-08
309,0.032413737747051516,0.010000529208252718,4.478103501983307,0.8667705924322738,0.920111266460221,0.0751291528361061
310,0.09024668122467688,0.5093007938471146,-1.4723313891659985e-07,1.0416949248471277,1.0555932149249498,-6.335468162777209e-09
311,0.010000018005923712,0.9999996661338535,3.360238782248823,2.8420338090997976,2.8208234169504434,0.005898830194100649
312,0.010013879885669435,0.9648796866181719,6.069652099761166,2.291376602919658,1.8663671686520398,0.014408062941909733
313,0.010000021479173473,0.9996324248544783,12.93124081123359,3.8146278107902885,3.734275667950314,0.01684150108469208
314,0.017821372863668333,0.010000290597684505,7.002507927651449,2.934648269957645,3.174794801702913,0.020017573477629152
315,0.010002700988391506,0.9241265436956531,1.9865250493359015,2.0563194956441238,2.26419412433613,0.004578077652525655
316,0.017452841721978668,0.9021539213973137,3.9441738985428125e-05,2.0364406332326994,2.022711401081711,1.6958475691374453e-07
317,0.08224648857379702,0.7874691674376987,4.752178259220777,2.896130729444207,2.6191209763360854,0.0661773189879765
318,0.06282181606069945,0.5357851893533477,1.1576670262546223e-06,1.8213558976495667,1.9127118047808038,1.9476546587278995e-08
319,0.010000537863118154,0.9983082809761279,0.8900934689232132,2.2003741926999267,1.9233560167464478,0.0021539334375679756
320,0.01007424427761319,0.8741743468040428,2.429261709357338,1.2926527954888014,0.9566297974525284,0.010763239553962023
321,0.010079863559586146,0.44109636518990913,-4.4792383352316396e-07,1.157627127303112,0.9540677803711204,-2.138098226332576e-09
322,0.010072059553223095,0.9246052979949498,5.9707898422322945,0.9344134092100828,0.9324093758815698,0.03120880644147982
323,0.03907817605274593,0.43856642316052236,4.8525078946178475,1.5838240418230856,1.9245149537723731,0.05127877052875021
324,0.010082320862889948,0.9994405881244354,3.7470201574444673,1.6288107403781056,2.5447493835606263,0.00897070063695048
325,0.010000003691003822,0.01000040176280579,3.8818328586626905,1.8602226369122474,2.2484137998797675,0.009359557843626166
326,0.010002699592948038,0.9997653819630614,6.2435625187845245,1.7501898034464227,1.6904682585102833,0.01782772182392515
327,0.017437958070400886,0.9999997140312313,5.745714811561552,1.8181356055138054,1.536247158923007,0.02900313245787706
328,0.21968605814295722,0.190149857645387,-1.9221113461113357e-07,1.2391525697870127,1.17423731120939,-1.7496595790517166e-08
329,0.04935374939942217,0.9999999785593308,3.860791146816975,0.9850847861977071,1.1892859990576463,0.08057139231215533
330,0.010371774933999862,0.3050229030278075,2.145549245658546,0.8055194034942765,1.0740356796205712,0.011701050322970195
331,0.01055425800317273,0.9037499054557439,1.2808829529449115,0.975806371237093,2.290911283414313,0.004121278899022112
332,0.010603453561727582,0.8001923892058502,0.6582898733437995,1.1470476294114218,1.4832863146586643,0.0026466874492376584
333,0.09648551066651859,0.8208754806986962,6.959142478726438,1.0029120789663342,2.5068179438483087,0.1605899248237454
334,0.010472006091198464,0.8540749411585088,0.2653688260098954,0.6588471694737481,1.151987603443604,0.0015322689371642408
335,0.03949907967284227,0.010000248649569039,6.25576358627522,1.2424273022219914,1.7626791763757264,0.07597830615621642
336,0.010525958033699028,0.011562261549554281,1.1391551996248444,1.0689287485023276,0.8775205664177759,0.006122577017852157
337,0.03320911772832767,0.010000117696983852,2.7979190689297595,0.7131822359107763,0.7957657129319441,0.05800517530942627
338,0.010424677768975528,0.4210306575748774,0.4881079412021918,0.5203600950038341,0.6759202395074475,0.0042354757476697705
339,0.010474962664019224,0.4654484238460444,0.5777206331026359,0.8008039560449225,1.3194800382095735,0.0028460239636993547
340,0.013211014409802026,0.9898068707291182,-8.106712574381015e-07,1.848305029494478,2.199830497150292,-2.6456104597954625e-09
341,0.03263961853187606,0.010000237842480227,6.6340535123101505,1.5247819469310864,2.0030918460873273,0.05782837958623423
342,0.010013863793104625,0.010168230921162251,1.2221401513291865,1.280893093202857,1.2004920944814008,0.004907855917715206
343,0.04900495704717157,0.08162509103961516,4.36124894577046,1.4597816242949813,1.7446311296980643,0.06252613824242981
344,0.010013694934125876,0.010952343028417216,8.895176655154643,2.6615893026609307,2.536655225084717,0.016846647677250647
345,0.010612770228736858,0.2715318902995767,1.2774153529848294e-06,2.137288103269325,2.181186424518054,3.139283443284735e-09
346,0.05558694553461501,0.9999999059332052,8.968915911009287,2.194067751229916,1.7631401048246254,0.11188985962858662
347,0.010392601336857673,0.998496932702126,6.495016015405695,2.110308067774461,1.720746579594596,0.017314137235149116
348,0.02990950353249197,0.9999996449586929,5.494479879814674,1.6369491402166167,1.4878663266322656,0.0499633746894361
349,0.010076601486332656,0.10675056307910986,7.357468519497028,2.4725180241996925,1.8474122657450185,0.01687235350771699
350,0.05395645593864851,0.010000449070340115,4.472940050686571,1.9872276848501567,1.5366825297301738,0.0640976623279561
351,0.2468138518113741,0.5743107910762885,9.890843039195834e-08,1.126271177105822,1.1837288115299984,1.0567952616349775e-08
352,0.04336246787620151,0.9999998619261686,5.353333898582396,1.8383050575247746,1.4549848534537588,0.06584563736622617
353,0.07204890896502852,0.28395350993119367,7.550049518062609,2.064097014585561,2.025150472390298,0.11740707178705086
354,0.010000021477970968,0.5189809157820874,53.989106165357285,7.906101905686155,7.6833899495317475,0.03347258758741919
355,0.010000004295595695,0.4965618880536456,26.96556120078443,4.006101663875717,3.3401694621043445,0.035406816926780424
356,0.010000537119662251,0.9966308691125134,3.9963446159448406,2.349052736437921,1.5850454022902614,0.010056605876476556
357,0.010722440135254944,0.011445224579670631,0.5861490265833397,1.0543377205714266,1.184862098754552,0.002798926957668917
358,0.010419005995996412,0.1441117269941238,14.971757017554193,2.332458975622866,1.715390358913001,0.037106745302977744
359,0.010013663313886577,0.1031295578614112,2.0282614734815048,1.2010696533111314,0.7538993316064821,0.010282255972716483
360,0.010072088035897809,0.053307866656096325,0.28469085966723373,1.129456233892423,0.864578538950076,0.0014359398249396286
361,0.024569588842363346,0.9999996171170533,3.811099273017676,1.2166101881158664,0.9056848923987765,0.04225632048519955
362,0.010346507653376972,0.5766213158012516,2.2416174797789674,0.6977862416646978,0.5387633889064025,0.01841083524541718
363,0.010398631705943719,0.7790460818672079,4.508216077716577,0.9146031842325933,0.7674969531395773,0.02711384427643053
364,0.010403181659589507,0.335542368743893,1.6206533988865883,0.5429397121941972,0.5837830095356902,0.014743098253707827
365,0.01889543376705597,0.5495367208994812,-3.1164141290901616e-08,0.5972881577291289,0.6106779802486992,-4.874805256894311e-10
366,0.0100716497074236,0.03753272653827107,3.265418637397967,0.9735975621998626,0.6346829954356197,0.020039470931641174
367,0.010070954988476719,0.05145816099355578,3.818400022388109,1.1096698018091398,0.8462564775873351,0.01928163707150622
368,0.010353596808473678,0.5973005800448892,4.714724838159292,0.7437642303411147,0.8552091627996432,0.029624179414523073
369,0.033517744355552555,0.010000275812751947,2.454141549100401,1.431247275349792,1.343444528517277,0.028792003770340985
370,0.04700964315895364,0.9736092810258803,2.9220058738871053,1.407960143741275,1.2831518661601635,0.048564148349260663
371,0.01046089451117869,0.13945364498638288,3.1737526106394656,1.108749367415085,1.2630165790913126,0.013804888710308985
372,0.010074390703117034,0.9275655424996073,2.976005351430992,1.4624877662115123,1.52147560374255,0.009947574534029002
373,0.010072373695334397,0.11396119660426424,4.713224101562922,1.501504740955355,1.4398146979912336,0.015883789122321943
374,0.010473690251927077,0.07168496315764834,5.689603358208677,1.6171210737915318,1.5476026713409057,0.018481800101249776
375,0.010013820533778963,0.010186876315379498,1.3142561253749314,1.3079380037247514,1.1592801012298146,0.0053059334389248865
376,0.01001367416212967,0.10319437813420652,2.5724906402873895,1.4729628662756864,1.103312018032759,0.009899975742081823
377,0.017102602292261487,0.9999995919502245,7.4651608413751065,1.4186440776599272,1.0153773075925159,0.04983952961584685
378,0.010369747545545026,0.39108529285409027,4.480209968184124,0.7677556712582282,1.0652900606659088,0.024718562435315426
379,0.010510604162224298,0.07080041751282974,4.748379207942857,0.7972301780975525,0.784467143207024,0.030588478347327894
380,0.05403400242180847,0.010000085914491579,5.944973010529936,0.9105604900294612,0.9549884759396108,0.14689668698543862
381,0.010401398196239852,0.6789657513698993,0.8179575940904633,0.6306776305214662,0.619788084879944,0.006757808521026446
382,0.013379764422633505,0.19662897344029517,4.9444956652878815,0.8849328029269211,0.9612368261570688,0.03459462118185197
383,0.11155305558454658,0.4826808314675098,4.985010702274092e-07,0.9208474446782441,1.0062711651719798,2.885619790454031e-08
384,0.010072375218204475,0.9989680170168687,0.48125514789515733,1.076790152877318,1.2989572117837942,0.0020362064695073337
385,0.010498442805442851,0.9273208863229109,4.5235350814876645,1.1482929207711545,1.2798707177757271,0.019182842125443564
386,0.02848602103889081,0.8275040268452721,-7.540906035451488e-08,0.8713559228382459,0.8471186292182822,-1.2500063384099394e-09
387,0.010413232332795928,0.4407995961542736,0.6893711251435197,0.5653981818072326,0.6580936382764128,0.005833066009629154
388,0.010419701020057128,0.44644602948307804,2.3097585174022415,0.46280209327510013,0.7444804814963399,0.0195452159210191
389,0.023258804601009486,0.01000024509319241,6.31767817280231,0.611903167090895,0.8445450490724156,0.09164436296706237
390,0.038497871461859054,0.9999997586843942,1.8879587444796848,0.6589830424931218,0.6827413233617982,0.05138719297799672
391,0.019286556461858066,0.9999989301463046,4.827354923762021,1.0640676881295283,1.2001170957782668,0.039495835777484826
392,0.019140650866648297,0.7481091168741947,-6.462637850800436e-07,1.0425424129802328,0.7649152490733898,-6.843817048847787e-09
393,0.010493876121206901,0.6385852903424505,3.7157115756276244e-07,0.8376271146215029,0.718474553908886,2.505762808923052e-09
394,0.01050502669762237,0.8810030834533009,3.3069331915457925,0.5858293943982131,0.6730355830751422,0.02685474901984508
395,0.010071463754904262,0.1053988097730103,3.26786208300867,1.0015874105658311,0.657558714538776,0.0194509579967017
396,0.021457562277926612,0.010000210918216953,4.986751562182862,0.845212884137874,0.7703259256818108,0.06211953668668494
397,0.4956888261884522,0.5084302940786877,-1.1086718560936754e-08,1.1861017216145324,1.3020339252117403,-2.2087069605310256e-09
398,0.010405475295680667,0.016905291445278064,2.722799702921027,1.3607821034454983,1.5759379715214452,0.00955532115058904
399,0.010071304678111405,0.774965729309002,0.04443178274878257,1.170132840929363,0.7591781385603189,0.00023188706226823962
400,0.010070136711336549,0.665541180191965,2.170448263309453,0.9918985821338151,0.8153565573523985,0.011949357134036926
401,0.010391116747477499,0.5092627760472722,1.0691367106641785,0.6059633003840108,0.6018899458723695,0.009113916066304436
402,0.04884737937060407,0.22744508232854563,7.634566805217226e-09,0.5123728876857451,0.5381355897828484,3.5499816415658277e-10
403,0.010402294577509947,0.4333418298311328,2.8887036468672296,0.4374149453119088,0.6382578149717001,0.027176043183568366
404,0.2676801889410618,0.35380164690749266,1.4708324334065787e-08,0.4174576290798034,0.7954237228216958,3.246094119425958e-09
405,0.013371575788412408,0.6012232262802313,0.3135467565994171,0.3034586831800364,0.2929622840729798,0.0069805518030477435
406,0.0327264083250765,0.010000161381103984,3.087076625722483,0.41615234238599996,0.4548526145134034,0.10393560505108672
407,0.013305789702786197,0.5485076783884032,0.2780488603185138,0.28033576780144953,0.21776086204939926,0.007372831843945148
408,0.010489731634231328,0.9430924607280312,2.3735820466078215,0.5563177873661138,0.6049955395692618,0.020989711618444217
409,0.010623323745160259,0.09825884731660435,0.07966190925960816,0.6792337145993592,0.36654577524940757,0.0008085738773584595
410,0.01666460901809488,0.010000295973829301,3.4978222179499947,0.37698469088404374,0.3699796655423935,0.07238688101099794
411,0.012575370791650721,0.5487679560849695,1.4994292948858865,0.2464957673106184,0.20498654882406883,0.040090044864970684
412,0.013222872435109204,0.5564707573338754,0.37607120086829016,0.2607521884407572,0.27496249091682634,0.009197072696030175
413,0.012861948441654624,0.5762997496548716,0.8353703234917542,0.26643112703257826,0.19425235335347615,0.02279137154493999
414,0.16932445675830576,0.010000126846114931,12.706448837629962,0.24357212925790092,2.1347457067037117,0.4749653662455127
415,0.010074631959088335,0.9993152632622275,10.346208850137883,3.108742147096626,2.8946032916024267,0.01706637517843312
416,0.05726394546783466,0.010000132764189748,7.632652381833825,2.2389797723687415,2.8108935163446955,0.07965734391127494
417,0.010072635170546537,0.30551313991086415,2.1002139110461346,0.9157856517902214,1.2851467032087769,0.00952018894485134
418,0.010441026947142796,0.9987915760817598,-0.23347971349860744,1.0972932174239565,1.2662563189710219,-0.0010324661512685946
419,0.010376899802414703,0.26110349961903806,5.3339906841005496,0.8432262242027743,0.768139134675264,0.03320919619188332
420,0.056119612665579854,0.6747246374128599,8.191777391262443e-07,0.913728890447849,0.6871186521847739,2.871724813234934e-08
421,0.010426085025129952,0.4677690076216786,0.4152998029913402,0.4976736387808322,0.5092060869198668,0.004281951761766367
422,0.010407600870096572,0.42876411049901925,3.1482421269315104,0.4965005092082238,0.5111895722720042,0.03149163062579918
423,0.016939641963882347,0.010000273720561698,4.475475203658079,0.6323372318212288,0.6184600499095754,0.057147868977507905
424,0.04454941685484957,0.010000548253416449,4.54048640109208,0.9127650115904756,0.860043714593433,0.1024138440909185
425,0.05459984352517008,0.010000016238326456,11.79639211379882,1.1178930841238068,1.6720936295756785,0.18755632870197075
426,0.010074816179345672,0.41411761215253945,4.678816572014242,2.027554994144458,1.8547960681898246,0.011996016161445352
427,0.015839726281966872,0.1316093548335707,7.265736086408778,1.516005988820994,1.4841631473055823,0.03694311344265138
428,0.010000537996818474,0.012489088498937914,7.5987825841143,4.233889866956993,3.704765539342334,0.009481629187835522
429,0.11373652990695232,0.9999999449181992,6.54961734704057,3.5442373100074,2.605747177923368,0.1080405956626554
430,0.08330688771226023,0.9999999414090004,8.211733199151933,2.432203371603818,1.921499271158146,0.13579229032203585
431,0.010073653783898254,0.9990645197090364,0.3012081883599729,1.0934005372719393,1.0297015336538506,0.0014271272035943786
432,0.010489290733138501,0.010876781423992721,0.42026986792821985,1.0522304092237575,1.1088115647451697,0.002035758020968505
433,0.010072543979169598,0.9993067904399232,1.330819948299417,1.2614796111323598,1.0497372653203723,0.005766419080231026
434,0.010077497699584062,0.22050447152668257,0.5466323596466346,0.9835396934023134,0.8828811238617583,0.0029427851509530563
435,0.010373911737930836,0.7867864991738398,5.737007185241327,0.9103913402216398,0.9762561911244021,0.030580796267447474
436,0.010738621081700261,0.9999993861986581,2.6198357565479164,0.5667796356251836,0.6561038451915063,0.022488443912388405
437,0.010072956411352075,0.07098338046161748,6.124754237004835,1.557680252572917,1.266032151957257,0.021381519838995378
438,0.010473195487308434,0.878387903118872,3.2576180968741495,1.0507674662192017,0.9674300094627685,0.016623992277305003
439,0.01052407441184652,0.10445241970208217,1.7737686326393345,0.6587446299343429,0.6626670819550289,0.013929979716629966
440,0.010675092962050905,0.913997648238687,1.1591489103239256,0.6785711886585065,0.819857819897048,0.008190361100182513
441,0.05486372097034533,0.9999998959464549,5.134118209908543,1.7806779849684553,1.2400181150058227,0.08529528159421096
442,0.03668685965097933,0.9660586158290967,7.908809336951199,3.2691266712360063,2.4049157923617814,0.048648565614549964
443,0.024791194553404075,0.010000051873897256,4.273589019833223,1.2497182840122432,1.1129784136492515,0.04291723457692688
444,0.019963102512200393,0.010000226335358317,7.664163621298356,1.729065178538209,1.4833580324266662,0.04546247305183126
445,0.03261245950771318,0.010000158757416418,4.268673482156588,0.8200534556086511,0.8676837488317988,0.0761991330898139
446,0.01036337688943859,0.6023995051265306,5.336174712840954,0.7998579854537674,0.835564926876954,0.03270835419810881
447,0.017110856196484812,0.999999989775973,11.023868963938517,1.4606778097467084,1.4356090904645722,0.061145235011455044
448,0.385897444079383,0.40489889316514643,-7.5770281894279e-08,0.9747457292013265,0.9508474702598155,-1.518470182193881e-08
449,0.01046404827457838,0.8694576050907279,1.351205541292315,0.5715764821994846,0.6441399854723565,0.01149653716615529
450,0.1,0.25,7.014444444444443,0.5260833333333333,1.0953055555555558,0.3019779483867881
451,0.01001383707298884,0.027871448811348606,0.6047583946073285,1.9108531597664926,1.595120192776676,0.0017243455298709214
452,0.030525335313029252,0.9999998336438582,8.81634505604801,2.0579661280911217,1.7676577405748657,0.06572371155467086
453,0.010071847877672525,0.17444568586867937,0.8038189037193235,0.8238326900616488,0.7182932676103954,0.005222440556823746
454,0.010070980103573724,0.8128952371424996,4.494085833284606,1.4018974940452873,1.3106493116936766,0.016411538108667443
455,0.010516814801786602,0.737778838505447,0.20766330593645566,0.718238782805924,0.6168405059596402,0.001633153784300943
456,0.010074740796306032,0.9472716637741141,4.33501098355678,1.3594311797945566,1.002757269602865,0.018153203224939296
457,0.010072141692020843,0.10826605702493222,2.291176248743663,1.286470239882387,1.0083592712388336,0.009955988816679808
458,0.010615065439499794,0.9243482965758915,6.388930654869796,1.082486542619074,0.9619441293176838,0.03210743528861682
459,0.010463523822874419,0.8490958147214714,1.0707020760104093,0.841122700298403,0.7405523837386652,0.007033378489215414
460,0.010362564171368572,0.2533418545833252,2.847076551777602,0.7469376403238985,0.46472535927864517,0.02377040070215263
461,0.010388251155161359,0.5938261583013671,1.968696500876718,0.6186651386903436,0.7120198849413022,0.015136380492728868
462,0.017149204747542637,0.9999997460455005,7.493967219313867,0.6657627097767338,0.6343658198402309,0.08995632817915723
463,0.010366337524078178,0.42469638337262544,4.014783375143638,0.6183485462974285,0.6974133788699904,0.03066096705739549
464,0.013951738681361944,0.8522448724725799,7.682313222272432,1.8245445599024357,1.5461286572725148,0.03081831512866077
465,0.03610886751604186,0.9999998662378522,7.714553654223386,2.2493220297575913,1.4634700563166783,0.06979177103890505
466,0.010077121914151149,0.9285350610824384,1.8466973080548295,1.602292461836157,1.8718988218031045,0.005327928968695405
467,0.010070211846280612,0.7290363006181839,2.7663937520338817,1.0684362185974996,0.9525726285225884,0.013596866407151189
468,0.010386542276106133,0.11130877457692771,0.9434552741340141,1.2103250523788989,1.127952194075061,0.004173304470663241
469,0.013714732992564694,0.9999996088442306,3.762836829337896,1.0589830830366231,1.050088584222333,0.02388430998668886
470,0.010611117706067525,0.9999995204996804,3.815172291472987,0.9933898115025593,1.0652795801289634,0.01928551626034825
471,0.01722694758613722,0.999999691673992,6.306205271385124,1.3008474575475208,1.2418717647231758,0.0409740043158421
472,0.010072587866550643,0.06156617302360887,6.242354211449666,1.2229492518721898,1.1443642035128283,0.02587314500933527
473,0.02149487021600482,0.010000373484800764,2.99747634315165,1.474222531367135,1.3474486946919602,0.022324357940768147
474,0.018081604122049216,0.010000479017271904,6.764758023193256,1.0007899152918458,1.1312990932518063,0.05425714772992897
475,0.010443317785050268,0.8946045505070495,4.53188625506166,0.7957342479168978,1.014788580425734,0.025474558791870907
476,0.014112840428512281,0.9999995120382592,3.818391732167937,1.738983033193532,1.0488234652198911,0.018963455269962525
477,0.010002695516245745,0.06989724196809582,2.848757462340115,1.7129835649723242,0.7388697708463791,0.011488406757898773
478,0.010070144139021098,0.6619732027305079,1.7699064708086356,0.9547052386040003,0.7309866512906409,0.010462609483462004
479,0.010465505334278973,0.9032557615906298,5.280746175760587,1.3547247048020152,0.9111052861041642,0.02381016777080453
480,0.010013602077735752,0.4175683504194997,2.705709202657855,1.1754094773193686,0.8180596242916542,0.013409082188969693
481,0.010069291822701448,0.367530256494666,4.500549367387976,0.8295766535556675,0.6348878204583192,0.030015823726119394
482,0.010373028229646327,0.2230445744319526,6.131401936641363,0.9572825592495624,0.5773998677710824,0.03979344096811823
483,0.01016660012312955,0.7631409246664681,1.6198679656209729e-06,1.1427118755297025,0.7076271072076796,8.90028792875426e-09
484,0.010000854552450865,0.9999992315213836,3.3152563175796037,0.9006779542563812,0.7229121299570376,0.020012365585092395
485,0.02238873782674405,0.9999997778137324,5.160400717094562,1.2838982718433176,1.1585328846177276,0.045166690272495084
486,0.034745052096533516,0.9999998479482438,7.176580152752032,1.072711872166573,0.6294629044963052,0.1277721764275778
487,0.12971795248005943,0.010000055186608894,1.8724843467358185,0.06931104958816092,0.2518618907708899,0.4306128552291595
488,0.018209553244479898,0.9999996776928859,4.886456247114015,1.5725423453502192,1.280172371057933,0.030247931272457708
489,0.029119487664097544,0.06908955477148086,0.006211984061560691,0.874488498815972,0.7232647941460801,0.00011320228029560052
490,0.01036847346352524,0.811680815802176,5.026363473366182,0.8032572864845197,0.7847675307580044,0.03177515293724955
491,0.010447718976318243,0.11245383287301254,3.997342754088719,1.1222050603321834,0.8598408499712569,0.020635896594216094
492,0.01048476606329259,0.9382066586806059,5.233235234751735,1.08176378463719,1.2288695194422448,0.023195598398781655
493,0.08055792383832126,0.9999999201460481,4.643213545734612,1.9683050682853818,1.6188337795184637,0.09442818307936464
494,0.010076758411547817,0.8466657983198097,2.532755190224173,1.6281912995303007,1.4285311962356841,0.008280317319345388
495,0.010664105715752136,0.08923869170833201,0.4092448769181505,0.9941047611894912,0.8514769160754272,0.002359112562403888
496,0.01042037815271939,0.647868172241568,0.3024217273509777,0.6199001361206301,0.6976501015228469,0.0023861171918299062
497,0.026004054237576582,0.012252201224082925,3.2849818036734963,0.8326986745203543,0.8439123082361026,0.04847968503608312
498,0.010393056598229759,0.4964163679393676,1.1159771553433058,0.7487998310675201,0.6913913272862758,0.007989046044120877
499,0.0337757313769091,0.010000134400243563,6.291066224105601,0.8509481640479836,0.9906342729512311,0.10344612912695847
500,0.018323951283940595,0.010000217431717086,6.3904029190184755,0.936979401099516,1.2660926350652395,0.05046934432635828
501,0.013517328415575822,0.6678293960795163,0.7184122620633038,0.516777385460388,0.8908147602134074,0.006851755331586668
502,0.010399076432845029,0.7775154225974078,0.10927827522586968,0.648098966016622,1.0941611866014271,0.0006518271125927025
503,0.01790032303962509,0.010000287371401895,4.210665997901599,0.662813940329917,1.011983343259717,0.043065702360867854
504,0.013489501167604572,0.20561957607012843,3.9176579127619626,0.8843160134824172,1.1993404230637452,0.024735389551075113
505,0.019425269720851318,0.27104475283598983,-2.703534387235096e-07,0.7501694660412743,0.9608474432920872,-3.0693375703277924e-09
506,0.010071549822969003,0.010000515021718623,3.194573792115664,0.6517411287654872,0.7162565637426846,0.022978826225099513
507,0.010561032929874248,0.1024148796031604,0.46277346832392485,0.6103307580107383,0.617343710028639,0.003965209455387981
508,0.013980750896153752,0.01000039452162496,3.287282936099992,0.5454392127673878,0.5723309045316879,0.0394926067046048
509,0.010646935234767252,0.9321858200014672,0.6442274331023413,0.5617137430244142,0.6620497713054846,0.005573640503609021
510,0.019121904068825645,0.010000248209120608,6.168222955712793,1.3249823500675573,1.2743575772360383,0.04340657431723865
511,0.010643694842307155,0.12133911849290822,0.5236355714715352,1.186711567756714,0.9290536172604502,0.0026273114652289216
512,0.04394420110030473,0.4188873767382075,5.900865620171894e-07,0.581355920661687,0.7425423632770237,1.958676308788781e-08
513,0.033846992257138414,0.999999866523375,5.784344368284552,0.8047457513798202,0.8103189936351624,0.10811659701800122
514,0.010581364217044973,0.9085750341188477,0.24208636610177703,0.4961745577150335,0.560113653094914,0.0024192326200059445
515,0.010861764521577505,0.9649469326261143,1.6160899203297268,0.6001942511561034,0.8714657062068073,0.011787153167579525
516,0.0658525118354165,0.01000008371112733,3.700161689288774,0.8933374525562336,1.0229976115723691,0.11280784296713783
517,0.01742482513022761,0.9999997438322858,6.698536689408321,1.3954237094285555,1.3741265908714986,0.040440008978425826
518,0.06516727846258102,0.5852146849920434,8.240864679670883e-07,1.5461016628748756,1.3337287749173343,1.864813658090147e-08
519,0.08322008251510317,0.9999998361768548,4.5348285765889145,1.837966059101474,1.4458315681917264,0.10307828212817138
520,0.05248092732648348,0.010000150986414868,5.7715300702201295,1.6201358246240738,2.05340958019812,0.07617245583609356
521,0.010495095883401273,0.09745423263388286,6.930358647005318,1.1093392989320252,0.8954493794619319,0.035010328410534364
522,0.01036661814932623,0.43704086070874193,2.4452344815912097,0.5923287765244496,0.49779397509231316,0.022724749764558422
523,0.010473923212561437,0.13088771530702517,2.418117445306098,0.9097817621481401,0.8869478227978247,0.013900322414659999
524,0.01715718063131834,0.010000265453832457,8.186671286575082,1.214488875217451,1.3136949149421808,0.05263354672052919
525,0.010384206337875053,0.44440252665878394,3.0947088642564666,0.5418423338570176,0.6336320478899913,0.026611308870022655
526,0.010000070033126317,0.9999990516371827,2.7014296752068003,0.5089830340443402,0.5780382528833993,0.02424920868748555
527,0.012097521974627611,0.5011618452045523,1.6356734460949547,0.42330403333752004,0.42463016085632643,0.02280407809673707
528,0.03455669198198731,0.5081962174746578,7.476842460715706,0.9823097102963005,1.3282984906919115,0.10057479070144008
529,0.013343197817713657,0.9999995504514835,2.6666683919446945,0.7118644236707583,0.7028927310082752,0.02453349383990222
530,0.013088190200866457,0.715969268847618,0.7833979405708119,0.32843514024628284,0.4033962009048216,0.013816835999552926
531,0.01048615948499497,0.08783391465446543,0.9088115239647028,0.5395292607179872,0.3226304355439274,0.01093272439802465
532,0.12194254284420536,0.26880929698518624,-3.6090016671463696e-08,0.5072881373523452,0.5572881496395062,-4.133953081781243e-09
533,0.012352575005605736,0.6545772784360475,2.0659027060045236,0.4919128277509287,0.4549470007454966,0.026244105340130282
534,0.03689893665222411,0.9999999717288937,3.3916967076539777,0.6711864588761942,0.7145109559889907,0.08283430912058899
535,0.01043464752282216,0.16078252948193025,0.5068058854576843,0.6132840652036604,0.47110260481701416,0.004853135774280367
536,0.010400116796528594,0.3719467382500272,1.9713423451938792,0.57337887522035,0.589449436039174,0.017325836360271372
537,0.06424290640309416,0.9999998894386958,2.4426762528759993,0.8284745864130241,0.9835838713343344,0.07969830899499074
538,0.010455108156182204,0.7712932852251708,0.3174838816548413,0.836143163787935,0.8258506511179746,0.001993215710839161
539,0.012663609096044756,0.29171068830317626,2.320255992376351,0.41468127437743524,0.5398019895951436,0.02986464877839059
540,0.010393218690896268,0.7744156863973225,3.535362938847437,0.9660457666619864,0.91475070105234,0.01916194449234343
541,0.010370085189765425,0.2630790299065161,5.847458073757069,0.9007996244904296,0.8217725746855397,0.03400531058455516
542,0.010070530828330947,0.3807226769606054,1.5092056427116778,0.8634657319735779,0.7151896061840312,0.009535693655687539
543,0.016990413083420284,0.010000253044616192,11.02662732093574,0.7819753292261866,0.895762434810738,0.1004495674530315
544,0.017920881589986726,0.01000025132348456,4.866001786497618,0.5275506985870582,0.6684665574073919,0.06795640778139278
545,0.012498243933242646,0.4726222221884163,1.3883009831815394,0.40853305229294146,0.5201754308382581,0.01834062096658869
546,0.014494803090726394,0.7854956247542703,0.9057047657972169,0.30896582648760695,0.42439691565256443,0.017586302524923953
547,0.08631132365241682,0.9999996087624842,3.384860295784325,1.195932174067621,1.0017465470560911,0.11733801688706876
548,0.050571491555182334,0.9999999958960498,5.531874387835331,1.218305036161104,0.9024481518393945,0.11653995770607113
549,0.01823537195046689,0.010000049111339511,4.600868387647172,0.4310222755616989,0.3782995066590006,0.09392816493408346
550,0.02040057666379151,0.9999988156062114,5.8843158861750275,1.2915253453039175,1.453685390555078,0.041896261236552025
551,0.010389573594866655,0.4608078758866112,2.985192018860971,0.530233388915216,0.6462326874072697,0.02568559960582703
552,0.010660050825816463,0.9985540308709175,0.5830364959680866,0.7513522366301347,0.66078509576145,0.004381984410905689
553,0.010397157282148116,0.4279950389080277,3.3463789948258635,0.5269351600610535,0.4906831002953286,0.03306011224655962
554,0.0312517393017634,0.9999998511399865,5.752433235656406,0.5430508465112043,0.6124297682203482,0.13463619841857974
555,0.4366352565149387,0.4092112384684475,-4.3697768682233493e-10,0.48762710981035073,0.4433898183736716,-2.0493705177653196e-10
556,0.432905048273159,0.3485561502149948,-5.86450300612841e-08,0.37457627267851723,0.4569491611108589,-3.0531513905824245e-08
557,0.1,0.25,3.2788888888888885,0.24591666666666667,0.3888611111111111,0.34060480147737765
558,0.01043209535531121,0.09307747614129593,0.957754918500163,0.5795097592317562,0.48595281848970323,0.00929039357404048
559,0.010500365040477962,0.942995243722007,3.191994703640134,0.5555389336465955,1.4191250941166471,0.01669028205273211
560,0.010579249833714428,0.9156003854731254,2.490019791722272,0.44022958618647123,0.740202383778661,0.021828884533076694
561,0.6325918918333836,0.5709021095969525,-3.1708786282603122e-09,0.5510169347595284,0.5006779701635129,-1.9072756791550377e-09
562,0.012245189425306922,0.5664719953474994,1.1657684627570493,0.39732672536379104,0.5939591823510609,0.014196111595964796
563,0.04889820612633819,0.9999998709301837,3.2416024552589335,1.2118643742221367,0.9791185718621473,0.06746504323846471
564,0.03422794443462425,0.9999998633311159,6.43674687139662,1.0208474548143798,0.8900222595124916,0.10337745287650223
565,0.010437737422569203,0.927110570866253,4.419395272484744,0.7510809679549703,0.9830081239951904,0.025911713239592033
566,0.5031170980546328,0.5361491747225344,-1.263650183263196e-08,0.9283051047472525,0.6737288104894306,-3.96848037757474e-09
567,0.010575170750494967,0.9986756769033166,1.3161595879718848,0.93127340746615,1.0527075389536307,0.006966622679511104
568,0.01092874038179861,0.9228848454452121,1.9749881281277324,0.6873826397663807,1.0327810459675384,0.012392225948766255
569,0.010000783626430762,0.9999988219442439,3.2719770134505426,0.8654236997119411,0.7467551746137373,0.01989319113738953
570,0.012134912042408064,0.6608881314973767,2.1903771436603336,0.430851892586769,0.5610683301184503,0.026097228551102625
571,0.010472912446528029,0.8188315813969164,0.53537232890699,0.6007861063904801,0.5455171756360994,0.004867486699731311
572,0.010461380371850864,0.8131542183587679,0.42725079172447167,0.6820820091284119,0.6461412012346747,0.0033538358583582225
573,0.010382949838627309,0.4440242036173715,1.7888260422244475,0.5109621987659887,0.44598428986146416,0.01903937926535392
574,0.04161863179658345,0.999999862023587,3.0307784425315143,0.9240677704002299,0.7977614295723975,0.06825712621626508
575,0.010535118193583397,0.08186855690443623,1.0521116527967451,0.6289216400049575,0.5109739844983091,0.00963016131436838
576,0.010360840135748967,0.36037249532555843,4.736993594871917,0.7291639537103743,0.5521165902957632,0.036891699670658015
577,0.010418763056464289,0.45207012714482575,0.025142478665709855,0.447552192150534,0.3662160465845505,0.0003217982949035642
578,0.010384027705933399,0.39865198607619523,2.839644405476976,0.5034313297750836,0.35380875044172483,0.03325369059883306
579,0.012331651121909322,0.5575063623819226,0.04764964344617123,0.3848956285617703,0.40276652518490513,0.0007454474640540671
580,0.01253304145512384,0.5905365922762527,1.1554731601536137,0.32470219076306966,0.28443309089362295,0.023221938989507883
581,0.012640866746006316,0.5532473598991762,0.4191626654019933,0.30377286516042923,0.23159298430641834,0.00980012576260961
582,0.01233548325587594,0.535776403390686,1.3755326222660875,0.3564815921581902,0.3263298958009576,0.024247442695093088
583,0.031514989885501894,0.9999999667300054,3.7919363778198547,0.8201694576147944,0.7933784009087789,0.06895518805662484
584,0.012086265462691093,0.4609134278754192,2.3031060235405514,0.4420187462136208,0.330281151061248,0.034789030958407845
585,0.012745073989009486,0.45440159795299906,1.7016683851147185,0.3301371925925152,0.31293311279998925,0.03262523070878704
586,0.016362015223402807,0.8467909736035889,0.7064259319833249,0.24741280451000713,0.27721416391913795,0.02155700110519327
587,0.012828242456241685,0.3608953890195947,1.2833341816182804,0.2824502174067876,0.2595363481450073,0.029479697627347604
588,0.022969312418989307,0.010000048600620733,3.995338436211519,0.8439236931995469,0.9034586214157849,0.0498980792464171
589,0.010487954131678868,0.04887821420555653,0.7398463544551992,0.4714212193786153,0.4252411680286696,0.008579485918813329
590,0.012316793669480998,0.5337861927258476,1.5441046094103599,0.32843950243749814,0.3340587014714617,0.02790602205464831
591,0.030190699804882842,0.29204928441943895,4.248109774197358,0.5506350525432235,0.5222431469733322,0.1067771476851758
592,0.01224989634942502,0.49130036981074127,1.0958327204102922,0.36345521571520134,0.35683060837999897,0.01829584364049602
593,0.012906922006368622,0.6351063040626688,1.2864920299493106,0.28037112890234517,0.3655399112107856,0.025063032442418743
594,0.017044174343837405,0.9999997443477474,6.827618491594175,0.30728813992404413,0.23803565699982196,0.17586823921560438
595,0.012698075813826823,0.5139723976650654,0.650180401533532,0.2676544909558997,0.23963031837107085,0.016014327558356283
596,0.013214784259312565,0.45532241641242277,0.9434447233150308,0.2793294158212355,0.2149628867787197,0.024602228552509008
597,0.04187658738743548,0.9999998786954319,4.166754471188185,0.7018643843468273,0.5851715517255554,0.11938859117608444
598,0.010395415523009509,0.3901308904763131,1.8770835103095025,0.5010323522408094,0.39652882129581024,0.021277517437900757
599,0.01772398787571811,0.9999986415248905,3.378470090962372,0.329322027535598,0.3004588244336675,0.08682523587972653
600,0.012162650701320608,0.5186532516684403,1.255984991969108,0.40599497545200397,0.3814068678815596,0.019031426915310304
601,0.01058699874337763,0.14302181301167352,1.3035546358915873,0.5120898183930088,0.3602572111828874,0.01557384885630151
602,0.012464875360000037,0.5275770165281135,1.7121714494988023,0.2869025312632355,0.18281920963077564,0.043460760333742
603,0.018011090924364374,0.842138368117876,0.1591732785834468,0.11530960651738494,0.2943528299964392,0.0069495287922603545
604,0.013197084023994414,0.6769473337813188,0.17094376956485238,0.23980379608016983,0.23046188906088755,0.004774298313975528
605,0.014889601801292144,0.7436835760247169,0.23296370286409174,0.12026353164746563,0.19023877142833995,0.011047951338144438
606,0.012761571334117752,0.5865467989176193,0.5499681136752617,0.2808380611331767,0.3729440003307913,0.010621143771398278
607,0.013236648699202288,0.6628764819894472,0.5536832383395318,0.17578991851853062,0.2177453303373324,0.018282778205992136
608,0.018876442489137914,0.8530618351864399,0.3344875293114319,0.19631330526204827,0.21126683207329724,0.015254952990022566
609,0.013052963399435466,0.7698281565408724,0.9816785498105386,0.2223425523250966,0.2702488897936028,0.025353543559304262
610,0.03526960746444452,0.8074026316955261,0.16638517295781707,0.17036492903593706,0.1851885241023341,0.016236817629126297
611,0.016970441902865434,0.9999999485510608,15.507530156523162,0.6501694891905424,0.5569995043122807,0.17898573407321078
612,0.03499291143570576,0.5048988772456644,6.434124131262646,0.9346366496459413,0.9188585676719351,0.10831520017845035
613,0.01784549484433303,0.010000345086261415,5.549023064216132,0.5999767756749563,0.8147268605579984,0.0654179725650425
614,0.012726810737120382,0.6365224743686086,0.8780447641391804,0.31794746187656725,0.2876187855022605,0.0181189677881828
615,0.01733541471109013,0.01000025515477328,6.358456221870353,0.5275785105971665,0.6623644168344871,0.08477854907020729
616,0.013231157521079675,0.643900639213042,0.4805308971893234,0.2984031965247262,0.37829866897705267,0.009308086306608563
617,0.01818876053466831,0.010000285020416232,3.1001097305976906,0.38075835696165405,0.4433629062107198,0.06403931234727797
618,0.012741664072460742,0.3248756987216478,1.8850973431690299,0.38677576057715407,0.2963293641487956,0.033967540971356756
619,0.013138865986583731,0.5506415598428817,0.6342733990257567,0.2909902827723617,0.23888985412033154,0.015483872119055575
620,0.01317420338155141,0.6361250915116318,-0.00475134325309586,0.2938917954349044,0.3298943273183508,-0.00010035722492883539
621,0.013305424369531166,0.6724661389834632,0.14717804114158492,0.24754719587133703,0.5387523108974925,0.002484296840680662
622,0.010374707822087204,0.3618585640999897,3.510547634504326,0.9569031198675462,1.043378435965114,0.017882290951161804
623,0.010391333421970917,0.2838452323934405,1.024758175154044,0.6591251308526651,0.5129380448702615,0.009003549350406391
624,0.11420738608252909,0.6257031348961684,9.532240650262727e-06,0.4967796576967546,0.5266094961929255,1.0637704395852582e-06
625,0.0129253766775791,0.43072309312992163,0.5610387731814932,0.4048788294186653,0.51042482400609,0.007860382511093004
626,0.014484200923984105,0.7122908149771213,0.4537513024623473,0.314783063368461,0.32343198708373666,0.010192857837376617
627,0.014331669929372423,0.8033024426359444,0.5457668284748489,0.21915684546620898,0.2047232496884852,0.018118407718410556
628,0.0172209736218477,0.9999999318342513,7.3689067626830465,0.2779660899621853,0.338693437601055,0.17066527576876453
629,0.01247583783840744,0.509048040981947,1.3385219983265104,0.32352956777245756,0.2346605474229664,0.02904765045240694
630,0.4222526220081484,0.4660988468568526,-5.949970609718787e-10,0.17305084467727347,0.18050847400917852,-7.105994835448118e-10
631,0.09649016432493626,0.37181358795132147,-1.2471510820646288e-08,0.4715254334122643,0.46898305277207514,-1.2794973651819218e-09
632,0.034250417871370294,0.999999844868167,6.175445879952219,0.6072881118115954,0.39882735660118196,0.17370803186133474
633,0.012161168854544819,0.49620588857727355,1.8756791438629419,0.37086291864789606,0.2953951492130085,0.03310331290460772
634,0.012295321322288465,0.39543974407343746,1.414491831903803,0.4376195122857716,0.22332608233800533,0.0256386217786008
635,0.012300665244100508,0.4149728096643695,1.0206882970039999,0.4104285873675956,0.30351116962295016,0.017281807517960282
636,0.01039181560888686,0.4324135340832334,-0.39605095262434764,0.5597715263073597,0.43976943981636313,-0.0041346031327463405
637,0.03980721982899465,0.010000580711605974,6.552149744749027,1.1304352073939823,1.4656911011107694,0.09129419159378498
638,0.019160022099069477,0.010000627113972016,4.389867507605656,0.9032483152811206,1.350777313712546,0.03597308851938446
639,0.01042846973726369,0.9453880937347803,0.39014819952230767,0.5144176521881001,0.5333669008938084,0.003868076538537499
640,0.0122509183109015,0.6082703671311517,2.0762404103712266,0.4054137343127503,0.40956671538317885,0.03026577616375885
641,0.01253435027748335,0.5711001717192651,0.940665796346563,0.25624047369349995,0.2964313535905991,0.020888252774868162
642,0.06554324595611818,0.4799884088825772,4.6128535566185,0.7768047354508039,0.8279725610354806,0.15853307743019376
643,0.012913948204417831,0.3348618164174839,1.8237660780352083,0.37205674617256196,0.3942219323452487,0.029819074762449476
644,0.026385685592621617,0.5291037348485095,0.03304549067932072,0.2627456223107894,0.29991634348993607,0.0015472501956364118
645,0.01236359142271706,0.4475352151446671,0.6455436122703858,0.3065332338938934,0.1475922140957573,0.017271417442830533
646,0.021767214193903792,0.9999995527952771,2.1082946429708778,0.579830507182765,0.4649557380921401,0.042076307888032634
647,0.013520781271431156,0.7051148480356199,1.038698333228441,0.3872657151490982,0.3324517921336925,0.019139751244699195
648,0.01225479052385819,0.5931833601189058,1.9382680918891364,0.37136531827303776,0.4770219059455989,0.02723537671375584
649,0.02305046297875009,0.3091881049268625,0.5087393272563245,0.5062793237194122,0.4098800161575797,0.012638057708705934
650,0.012400634177297972,0.5335485095127296,2.0211407645873236,0.40435015789181145,0.4552453939473822,0.02833117374616964
651,0.014991898651668409,0.7713238099115369,0.3021822170918972,0.17425398874950088,0.317152033956243,0.009134812476940155
652,0.4239587498181201,0.4677828092018275,8.28484540880216e-10,0.1754237229758446,0.239999999585052,8.455060479767108e-10
653,0.013158644993405414,0.6674382748186163,0.9085513553668875,0.2830771164972379,0.2671187834340417,0.021267062391986887
654,0.012327168550806455,0.5523105316598638,1.533140058079637,0.32747098156796484,0.4051316058215643,0.025148674715208135
655,0.010387251709258674,0.26908708859380226,0.7232004517111132,0.5498537325658904,0.3843724595816567,0.007976807855193188
656,0.03347434622905836,0.9999998642220227,5.556836560341916,0.6728813531707142,0.5733105514270206,0.12987783308836623
657,0.010074202886563459,0.9541436371275128,1.3398129306335425,0.8981445711842333,0.580601928194661,0.0090451339533533
658,0.012241621109426804,0.5154992336362629,1.3944680063867538,0.379179929266567,0.36788313178000187,0.022339743677463424
659,0.03506341689096158,0.010000167259061095,2.5591920989396155,0.39882069536720227,0.4968690303824807,0.09106135295049671
660,0.012547566031895153,0.6481786460615773,1.443538164006829,0.38232048632035276,0.553255833605532,0.018992445584689994
661,0.018837121528063813,0.010000466021988669,3.048904223601928,0.5141343954822883,0.6994499988825934,0.04518631975296444
662,0.010471550872132123,0.36179439749313097,-0.0231534114870745,0.8314923243343073,0.9135364236372286,-0.00013895806427849646
663,0.010410485222075994,0.5974024074292291,0.5524877152291394,0.6708789338496253,0.765710400887304,0.003987729111939441
664,0.014203943242137595,0.7945537020478308,0.6913071019567743,0.6006813035374465,1.0396024889043056,0.005950711178213306
665,0.012401947585305745,0.35538591006966314,1.2628686794868258,0.4635471295566218,0.48808225242351627,0.0161916367262189
666,0.017937214120620586,0.01000024135455319,9.419252547161735,1.0252863121108549,1.33897889867316,0.0666957965536196
667,0.01630913383446589,0.010000364221516813,2.835641230276579,0.4414341074761763,0.601810491245447,0.042448109424285695
668,0.017121934062909,0.8964447796497679,0.9960732489964467,0.39965640353716364,0.5951324864844751,0.016855075874426098
669,0.013931391685550108,0.6404795426840927,0.3839250056199849,0.2725139969216924,0.3701559189872097,0.008253791242636779
670,0.019050232397300932,0.010000283746418811,3.0119130944234986,0.42604775864157785,0.5864050456950763,0.05363246529064689
671,0.012437716767999412,0.4344705556644668,0.37237530318887346,0.4569020946255256,0.5420917309525584,0.004614768520785832
672,0.03887405063668223,0.28211783239325033,0.3799479172258773,0.6463847927776306,0.6629635190895823,0.011154677918985651
673,0.012517210723846739,0.5944736051270253,1.2806881357644389,0.30724337430259424,0.38548012153315625,0.022618059468676066
674,0.01434014701445869,0.8499963047408265,0.3662818594966766,0.24664661416047712,0.41516615010534885,0.007874095255848554
675,0.012487673836489,0.5136903188365636,0.4388127256074561,0.3966647874087599,0.5797498465480093,0.005580793903239775
676,0.012800374412948852,0.6442832107222062,1.457212768694573,0.3127798633847501,0.5054421628170898,0.022288718594265892
677,0.022575967193907618,0.010000232949218408,4.270633592839369,0.5482392509954678,0.941279265477649,0.06079306786703658
678,0.02514633382973656,0.010000222614717872,5.182874336297322,0.7425454348087344,0.9913614386548444,0.06991078760480367
679,0.014043541562934971,0.9893371948187367,1.0175384851437064,0.569630660577177,0.6469083201543219,0.01160993610222438
680,0.010417076598063292,0.41679120885969484,1.4138913240336115,0.4660426428608416,0.47271914304608037,0.01544705035496536
681,0.010526553356434185,0.8515234205141681,0.6338672796321894,0.5977976256376601,0.7905904647410245,0.004782901964077813
682,0.0104179962555174,0.5043784678869817,0.768466923548428,0.5180244628091604,0.592288186968236,0.0071588597338248135
683,0.017180565403069885,0.010000260708844447,5.449382497276099,0.8450299790118967,0.7530413772286086,0.05534300325076407
684,0.01042758094627701,0.9982282196069447,1.222509203387725,0.7441266449094419,0.7754826458163407,0.008319088050217662
685,0.01007262826210432,0.5492093031006632,0.7493225532775893,0.9434723745133748,1.0297409390986938,0.0038104787380469295
686,0.010364914915962602,0.6905883358376498,3.7346284157568013,0.7446227439178488,0.8356599859226324,0.023909389115239158
687,0.010412987001861315,0.5827078313985479,0.4999452922615544,0.4486661442930249,0.5606030714878971,0.005131642587080182
688,0.010404728927781146,0.4376913739047761,0.4780254474682937,0.4758908718569106,0.4901768731990977,0.005122052305520965
689,0.010412323545207193,0.4855815326293614,0.2814332695809947,0.45389478938690736,0.47958510428461304,0.003129370063122203
690,0.012416441902693007,0.5763754138989391,0.8845557473640181,0.3636584375769659,0.31380895101283063,0.015953269356451704
691,0.01757283476556626,0.9999997472594971,5.0241061416489865,0.3581355869237306,0.44086467953758274,0.0995029592929857
692,0.031639876428001146,0.9999999588668135,4.0605109591003306,0.7772881299065371,0.6288141146419601,0.08371956753321233
693,0.012377528865955514,0.4784916012439913,1.632387932582017,0.34359342943219984,0.34521506805283436,0.02849724421029986
694,0.012357843099313804,0.4669446185160089,1.0196374798336638,0.38514531252513057,0.41232880141107753,0.015554764297249076
695,0.012316821124092372,0.43310726563486207,1.1586174518623986,0.46338829279004945,0.44278058627084604,0.0155039913328398
